had,dan,2026-04-29,tictactoe
lok,lik,2026-04-29,tictactoe
lik,lok,2026-04-29,tictactoe
fer,hen,2026-04-29,connect4
him,he,2026-04-29,tictactoe
fer,him,2026-04-29,othello
fer,him,2026-04-29,tictactoe
fer,him,2026-04-29,connect4
fer,him,2026-04-29,tictactoe
him,fer,2026-04-29,tictactoe
him,fer,2026-04-29,tictactoe
fer,him,2026-04-29,connect4
fer,him,2026-04-29,tictactoe
him,fer,2026-04-29,tictactoe
him,fer,2026-04-29,tictactoe
fer,him,2026-04-29,tictactoe
him,fer,2026-04-29,connect4
fer,him,2026-04-29,tictactoe
him,fer,2026-04-29,connect4
him,im,2026-04-30,tictactoe
im,,2026-04-30,tictactoe
im,,2026-04-30,tictactoe
him,fer,2026-04-30,tictactoe
him,fer,2026-04-30,connect4
im,him,2026-04-30,connect4
him,im,2026-04-30,connect4
him,im,2026-04-30,tictactoe
im,him,2026-04-30,tictactoe
him,im,2026-04-30,tictactoe
im,him,2026-04-30,tictactoe
him,im,2026-04-30,tictactoe
im,him,2026-04-30,tictactoe
im,him,2026-04-30,tictactoe
him,i,,2026-04-30,tictactoe
him,im,2026-04-30,tictactoe
